<hibernate-configuration>
    <session-factory>
        <property name="hibernate.connection.driver_class">org.apache.derby.jdbc.EmbeddedDriver</property>
        <property name="hibernate.connection.url">jdbc:derby:memory:deviceDB;create=true</property>
        <property name="hibernate.dialect">org.hibernate.dialect.DerbyDialect</property>
        <property name="hibernate.hbm2ddl.auto">update</property>
        <property name="hibernate.show_sql">true</property>

        <mapping class="com.klef.jfsd.exam.Device"/>
        <mapping class="com.klef.jfsd.exam.Smartphone"/>
        <mapping class="com.klef.jfsd.exam.Tablet"/>
    </session-factory>
</hibernate-configuration>
